file,age,gender,race,service_test
train/1.jpg,50-59,Male,East Asian,True
train/11.jpg,50-59,Male,East Asian,True
train/12.jpg,20-29,Male,East Asian,False
train/32.jpg,10-19,Female,East Asian,True
train/35.jpg,20-29,Male,East Asian,True
train/47.jpg,60-69,Male,East Asian,True
train/51.jpg,3-9,Female,East Asian,False
train/54.jpg,30-39,Female,East Asian,False
train/61.jpg,3-9,Male,East Asian,False
train/65.jpg,30-39,Male,East Asian,True
train/2.jpg,30-39,Female,Indian,False
train/4.jpg,20-29,Female,Indian,True
train/5.jpg,20-29,Female,Indian,True
train/8.jpg,30-39,Female,Indian,True
train/14.jpg,10-19,Male,Indian,True
train/15.jpg,60-69,Female,Indian,True
train/21.jpg,20-29,Female,Indian,True
train/29.jpg,20-29,Male,Indian,True
train/45.jpg,10-19,Male,Indian,True
train/46.jpg,10-19,Female,Indian,True
train/6.jpg,20-29,Male,White,True
train/9.jpg,10-19,Male,White,True
train/16.jpg,30-39,Female,White,False
train/24.jpg,30-39,Female,White,False
train/25.jpg,20-29,Female,White,False
train/27.jpg,50-59,Female,White,False
train/28.jpg,10-19,Female,White,False
train/33.jpg,50-59,Male,White,False
train/41.jpg,20-29,Male,White,True
train/56.jpg,30-39,Male,White,False
train/3.jpg,3-9,Female,Black,False
train/19.jpg,0-2,Female,Black,False
train/23.jpg,20-29,Female,Black,True
train/26.jpg,30-39,Female,Black,True
train/30.jpg,20-29,Female,Black,False
train/31.jpg,40-49,Female,Black,True
train/42.jpg,10-19,Female,Black,False
train/50.jpg,50-59,Female,Black,False
train/57.jpg,20-29,Male,Black,False
train/77.jpg,50-59,Female,Black,True
train/7.jpg,40-49,Male,Middle Eastern,False
train/10.jpg,30-39,Male,Middle Eastern,False
train/22.jpg,30-39,Female,Middle Eastern,True
train/34.jpg,40-49,Male,Middle Eastern,False
train/36.jpg,60-69,Female,Middle Eastern,True
train/39.jpg,50-59,Male,Middle Eastern,False
train/48.jpg,3-9,Female,Middle Eastern,True
train/78.jpg,20-29,Female,Middle Eastern,True
train/109.jpg,20-29,Female,Middle Eastern,True
train/113.jpg,30-39,Male,Middle Eastern,True
train/13.jpg,20-29,Male,Latino_Hispanic,False
train/37.jpg,20-29,Female,Latino_Hispanic,False
train/38.jpg,30-39,Male,Latino_Hispanic,True
train/40.jpg,20-29,Female,Latino_Hispanic,False
train/44.jpg,40-49,Male,Latino_Hispanic,False
train/52.jpg,60-69,Male,Latino_Hispanic,False
train/58.jpg,40-49,Female,Latino_Hispanic,True
train/59.jpg,10-19,Female,Latino_Hispanic,False
train/60.jpg,10-19,Female,Latino_Hispanic,True
train/66.jpg,30-39,Male,Latino_Hispanic,True
train/17.jpg,20-29,Female,Southeast Asian,False
train/18.jpg,40-49,Male,Southeast Asian,False
train/20.jpg,50-59,Male,Southeast Asian,True
train/43.jpg,10-19,Female,Southeast Asian,True
train/49.jpg,10-19,Female,Southeast Asian,False
train/53.jpg,50-59,Male,Southeast Asian,False
train/55.jpg,30-39,Male,Southeast Asian,True
train/64.jpg,20-29,Male,Southeast Asian,False
train/69.jpg,50-59,Male,Southeast Asian,True
train/74.jpg,20-29,Female,Southeast Asian,False
